<?xml version="1.0"?>
<doc>
    <assembly>
        <name>MegaApiClient</name>
    </assembly>
    <members>
        <member name="F:CG.Web.MegaApiClient.ApiResultCode.Ok">
            <summary>
            API_OK (0): Success
            </summary>
        </member>
        <member name="F:CG.Web.MegaApiClient.ApiResultCode.InternalError">
            <summary>
            API_EINTERNAL (-1): An internal error has occurred. Please submit a bug report, detailing the exact circumstances in which this error occurred.
            </summary>
        </member>
        <member name="F:CG.Web.MegaApiClient.ApiResultCode.BadArguments">
            <summary>
            API_EARGS (-2): You have passed invalid arguments to this command.
            </summary>
        </member>
        <member name="F:CG.Web.MegaApiClient.ApiResultCode.RequestFailedRetry">
            <summary>
            API_EAGAIN (-3) (always at the request level): A temporary congestion or server malfunction prevented your request from being processed. No data was altered. Retry. Retries must be spaced with exponential backoff.
            </summary>
        </member>
        <member name="F:CG.Web.MegaApiClient.ApiResultCode.TooManyRequests">
            <summary>
            API_ERATELIMIT (-4): You have exceeded your command weight per time quota. Please wait a few seconds, then try again (this should never happen in sane real-life applications).
            </summary>
        </member>
        <member name="F:CG.Web.MegaApiClient.ApiResultCode.RequestFailedPermanetly">
            <summary>
            API_EFAILED (-5): The upload failed. Please restart it from scratch.
            </summary>
        </member>
        <member name="F:CG.Web.MegaApiClient.ApiResultCode.ToManyRequestsForThisResource">
            <summary>
            API_ETOOMANY (-6): Too many concurrent IP addresses are accessing this upload target URL.
            </summary>
        </member>
        <member name="F:CG.Web.MegaApiClient.ApiResultCode.ResourceAccessOutOfRange">
            <summary>
            API_ERANGE (-7): The upload file packet is out of range or not starting and ending on a chunk boundary.
            </summary>
        </member>
        <member name="F:CG.Web.MegaApiClient.ApiResultCode.ResourceExpired">
            <summary>
            API_EEXPIRED (-8): The upload target URL you are trying to access has expired. Please request a fresh one.
            </summary>
        </member>
        <member name="F:CG.Web.MegaApiClient.ApiResultCode.ResourceNotExists">
            <summary>
            API_EOENT (-9): Object (typically, node or user) not found
            </summary>
        </member>
        <member name="F:CG.Web.MegaApiClient.ApiResultCode.CircularLinkage">
            <summary>
            API_ECIRCULAR (-10): Circular linkage attempted
            </summary>
        </member>
        <member name="F:CG.Web.MegaApiClient.ApiResultCode.AccessDenied">
            <summary>
            API_EACCESS (-11): Access violation (e.g., trying to write to a read-only share)
            </summary>
        </member>
        <member name="F:CG.Web.MegaApiClient.ApiResultCode.ResourceAlreadyExists">
            <summary>
            API_EEXIST (-12): Trying to create an object that already exists
            </summary>
        </member>
        <member name="F:CG.Web.MegaApiClient.ApiResultCode.RequestIncomplete">
            <summary>
            API_EINCOMPLETE (-13): Trying to access an incomplete resource
            </summary>
        </member>
        <member name="F:CG.Web.MegaApiClient.ApiResultCode.CryptographicError">
            <summary>
            API_EKEY (-14): A decryption operation failed (never returned by the API)
            </summary>
        </member>
        <member name="F:CG.Web.MegaApiClient.ApiResultCode.BadSessionId">
            <summary>
            API_ESID (-15): Invalid or expired user session, please relogin
            </summary>
        </member>
        <member name="F:CG.Web.MegaApiClient.ApiResultCode.ResourceAdministrativelyBlocked">
            <summary>
            API_EBLOCKED (-16): User blocked
            </summary>
        </member>
        <member name="F:CG.Web.MegaApiClient.ApiResultCode.QuotaExceeded">
            <summary>
            API_EOVERQUOTA (-17): Request over quota
            </summary>
        </member>
        <member name="F:CG.Web.MegaApiClient.ApiResultCode.ResourceTemporarilyNotAvailable">
            <summary>
            API_ETEMPUNAVAIL (-18): Resource temporarily not available, please try again later
            </summary>
        </member>
        <member name="F:CG.Web.MegaApiClient.ApiResultCode.TooManyConnectionsOnThisResource">
            <summary>
            API_ETOOMANYCONNECTIONS (-19): Too many connections on this resource
            </summary>
        </member>
        <member name="F:CG.Web.MegaApiClient.ApiResultCode.FileCouldNotBeWrittenTo">
            <summary>
            API_EWRITE (-20): Write failed
            </summary>
        </member>
        <member name="F:CG.Web.MegaApiClient.ApiResultCode.FileCouldNotBeReadFrom">
            <summary>
            API_EREAD (-21): Read failed
            </summary>
        </member>
        <member name="F:CG.Web.MegaApiClient.ApiResultCode.InvalidOrMissingApplicationKey">
            <summary>
            API_EAPPKEY (-22): Invalid application key; request not processed
            </summary>
        </member>
        <member name="F:CG.Web.MegaApiClient.ApiResultCode.TwoFactorAuthenticationError">
            <summary>
            Login requires Two-Factor Authentication
            </summary>
        </member>
        <member name="M:CG.Web.MegaApiClient.MegaApiClient.#ctor">
            <summary>
            Instantiate a new <see cref="T:CG.Web.MegaApiClient.MegaApiClient" /> object with default <see cref="T:CG.Web.MegaApiClient.Options"/> and default <see cref="T:CG.Web.MegaApiClient.IWebClient"/>
            </summary>
        </member>
        <member name="M:CG.Web.MegaApiClient.MegaApiClient.#ctor(CG.Web.MegaApiClient.Options)">
            <summary>
            Instantiate a new <see cref="T:CG.Web.MegaApiClient.MegaApiClient" /> object with custom <see cref="T:CG.Web.MegaApiClient.Options" /> and default <see cref="T:CG.Web.MegaApiClient.IWebClient"/>
            </summary>
        </member>
        <member name="M:CG.Web.MegaApiClient.MegaApiClient.#ctor(CG.Web.MegaApiClient.IWebClient)">
            <summary>
            Instantiate a new <see cref="T:CG.Web.MegaApiClient.MegaApiClient" /> object with default <see cref="T:CG.Web.MegaApiClient.Options" /> and custom <see cref="T:CG.Web.MegaApiClient.IWebClient"/>
            </summary>
        </member>
        <member name="M:CG.Web.MegaApiClient.MegaApiClient.#ctor(CG.Web.MegaApiClient.Options,CG.Web.MegaApiClient.IWebClient)">
            <summary>
            Instantiate a new <see cref="T:CG.Web.MegaApiClient.MegaApiClient" /> object with custom <see cref="T:CG.Web.MegaApiClient.Options"/> and custom <see cref="T:CG.Web.MegaApiClient.IWebClient" />
            </summary>
        </member>
        <member name="M:CG.Web.MegaApiClient.MegaApiClient.GenerateAuthInfos(System.String,System.String,System.String)">
            <summary>
            Generate authentication informations and store them in a serializable object to allow persistence
            </summary>
            <param name="email">email</param>
            <param name="password">password</param>
            <param name="mfaKey"></param>
            <returns><see cref="T:CG.Web.MegaApiClient.MegaApiClient.AuthInfos" /> object containing encrypted data</returns>
            <exception cref="T:System.ArgumentNullException">email or password is null</exception>
        </member>
        <member name="M:CG.Web.MegaApiClient.MegaApiClient.Login(System.String,System.String)">
            <summary>
            Login to Mega.co.nz service using email/password credentials
   